|code|nowruz_02|nowruz_03
0|113201|['1401-12-28']|['1402-12-28']
1|113212.0|['1401-12-11', '1401-12-12', '1401-12-13']|
2|113228|['1401-12-29']|
3|113259||['1402-12-17', '1402-12-18']
4|113293.0||['1403-01-06']
5|113418||['1402-12-29']
6|113418.0|['1401-12-29']|
7|113604|['1401-12-29']|
8|113815.0||['1403-01-13']
9|113855|['1402-01-13']|['1403-01-13']
10|114354.0|['1402-01-14']|
11|114357||['1402-12-28']
12|114358||['1402-12-28']
13|114413|['1401-12-28']|
14|114551||['1403-01-18']
15|143101|['1402-01-01']|
16|143103.0|['1402-01-13']|
17|143105|['1401-12-29']|
18|143108|['1401-12-28', '1401-12-29', '1402-01-01']|['1402-12-29', '1403-01-02']
19|143109|['1402-01-14']|
20|143110|['1401-12-28', '1401-12-29']|
21|143112|['1402-01-13']|
22|143114|['1401-12-22', '1402-01-02', '1402-01-03']|
23|143117|['1401-12-29']|
24|143118|['1401-12-28', '1401-12-29']|['1402-12-28', '1402-12-29']
25|143119|['1401-12-16', '1401-12-17']|['1403-01-14', '1403-01-15']
26|143120|['1401-12-16', '1401-12-17', '1401-12-18']|
27|143122||['1403-01-02', '1403-01-08', '1403-01-09']
28|143124|['1401-12-28', '1401-12-29']|['1402-12-28', '1402-12-29']
29|143132|['1402-01-13']|
30|143151|['1402-01-13']|
31|143152|['1402-01-15']|
32|143153.0|['1402-01-13']|
33|143155|['1402-01-14']|['1403-01-14']
34|143162|['1402-01-13']|
35|143164|['1402-01-08']|
36|143168.0|['1402-01-14']|
37|143169|['1401-12-16', '1401-12-17', '1402-01-02']|
38|143170|['1401-12-16', '1401-12-18', '1401-12-23']|
39|143172||['1403-01-02', '1403-01-03', '1403-01-09', '1403-01-10', '1403-01-13', '1403-01-14']
40|143175|['1402-01-14']|
41|143179|['1401-12-28', '1401-12-29']|['1402-12-28', '1402-12-29']
42|143182|['1402-01-13']|
43|143183|['1401-12-28', '1401-12-29']|['1402-12-28', '1402-12-29']
44|143201|['1401-12-16']|
45|143202||['1402-12-29']
46|143220||['1402-12-29']
47|143220.0|['1401-12-29']|
48|143223|['1402-01-13']|
49|143251|['1401-12-16', '1402-01-01']|
50|143301||['1402-12-13', '1402-12-15']
51|143351|['1401-12-17']|
52|153104|['1401-12-28', '1401-12-29']|['1402-12-28', '1402-12-29']
53|153105||['1402-12-29']
54|153106||['1402-12-29']
55|153107|['1401-12-29']|['1402-12-29']
56|153113|['1401-12-29']|
57|153122|['1401-12-29']|['1402-12-29']
58|153123|['1402-01-13']|
59|153135|['1402-01-14']|
60|153140||['1403-01-13']
61|153154|['1402-01-14']|['1403-01-14']
62|153155|['1402-01-02', '1402-01-03', '1402-01-12']|
63|153156|['1402-01-12']|
64|153157|['1402-01-12']|
65|153162|['1402-01-14']|
66|153163|['1402-01-14']|['1403-01-14', '1403-01-16', '1403-01-17']
67|153173|['1402-01-13']|
68|153185|['1401-12-28', '1401-12-29']|['1402-12-29']
69|153189|['1402-01-11']|
70|153208|['1401-12-29']|
71|153221.0||['1402-12-11', '1402-12-13', '1402-12-26', '1402-12-28', '1403-01-01', '1403-01-05', '1403-01-06', '1403-01-08', '1403-01-14', '1403-01-15', '1403-01-16', '1403-01-18']
72|153301|['1401-12-18', '1401-12-21']|
73|153402||['1403-01-13']
74|153404|['1402-01-14']|
75|153452|['1402-01-13']|['1403-01-13']
76|153454.0||['1402-12-28']
77|163106|['1402-01-18']|
78|163155.0|['1401-12-29', '1402-01-06']|
79|163156.0||['1403-01-07', '1403-01-08', '1403-01-09']
80|163212.0|['1402-01-11']|
81|163221|['1402-01-02']|
82|163352|['1402-01-04']|
83|163402|['1402-01-03', '1402-01-04', '1402-01-05', '1402-01-06', '1402-01-07', '1402-01-08', '1402-01-09', '1402-01-10']|
84|163560|['1402-01-04']|
85|163751|['1402-01-04', '1402-01-05']|['1403-01-05']
86|163801.0|['1402-01-04', '1402-01-05']|
87|163852|['1402-01-05', '1402-01-06']|
88|163852.0||['1403-01-04', '1403-01-05']
89|163861||['1403-01-10']
90|163901|['1402-01-03', '1402-01-04', '1402-01-05', '1402-01-06', '1402-01-07', '1402-01-09', '1402-01-10']|
91|163901.0||['1403-01-03', '1403-01-04', '1403-01-05', '1403-01-06', '1403-01-07', '1403-01-08', '1403-01-09']
92|163951|['1402-01-03', '1402-01-04', '1402-01-05']|['1403-01-04', '1403-01-09']
93|164401||['1403-01-04', '1403-01-07']
94|164402|['1402-01-03', '1402-01-04', '1402-01-05', '1402-01-06', '1402-01-07', '1402-01-09']|
95|164451|['1402-01-04', '1402-01-05', '1402-01-06']|['1403-01-05']
96|164452|['1402-01-03', '1402-01-04', '1402-01-05', '1402-01-09']|['1403-01-05', '1403-01-08']
97|164655||['1403-01-06']
98|164701||['1402-12-28']
99|183104.0|['1402-01-10']|
100|183112|['1401-12-11', '1401-12-12', '1401-12-15']|
101|183113|['1402-01-10']|
102|183163|['1402-01-13']|['1403-01-13']
103|183170|['1402-01-05']|
104|183215||['1403-01-02']
105|183216||['1403-01-09']
106|183266||['1403-01-11', '1403-01-12', '1403-01-13']
107|183269|['1401-12-14']|
108|184202|['1402-01-15']|
109|184214|['1401-12-28', '1401-12-29', '1402-01-01']|
110|184251|['1402-01-14']|
111|213106|['1401-12-23']|
112|213114|['1401-12-18', '1401-12-25']|
113|213155|['1402-01-13']|
114|213164|['1401-12-11', '1401-12-18', '1401-12-25']|
115|213201||['1402-12-11', '1402-12-13']
116|213229.0|['1401-12-10', '1401-12-11', '1401-12-16', '1401-12-23', '1401-12-25']|
117|213233|['1401-12-28', '1401-12-29', '1402-01-01', '1402-01-02']|['1402-12-28', '1402-12-29', '1403-01-01', '1403-01-02', '1403-01-03', '1403-01-04', '1403-01-05', '1403-01-06', '1403-01-07', '1403-01-08']
118|213234|['1401-12-28', '1401-12-29', '1402-01-01']|['1402-12-28', '1402-12-29', '1403-01-01', '1403-01-02', '1403-01-03', '1403-01-04', '1403-01-07']
119|213251||['1402-12-10', '1402-12-11']
120|213259|['1402-01-13']|
121|213269|['1402-01-13']|
122|213278.0|['1401-12-24']|
123|213283|['1402-01-04', '1402-01-05', '1402-01-06', '1402-01-07', '1402-01-11', '1402-01-12']|['1403-01-04', '1403-01-05', '1403-01-06', '1403-01-07', '1403-01-08', '1403-01-09', '1403-01-10', '1403-01-11', '1403-01-12']
124|213284|['1402-01-03', '1402-01-04', '1402-01-05']|['1403-01-04', '1403-01-05', '1403-01-06', '1403-01-07', '1403-01-08', '1403-01-09', '1403-01-10', '1403-01-11', '1403-01-12', '1403-01-13']
125|213402||['1403-01-18', '1403-01-19', '1403-01-20']
126|213551|['1402-01-13']|['1403-01-05', '1403-01-12', '1403-01-18', '1403-01-19']
127|213918||['1403-01-18']
128|213921||['1402-12-27', '1402-12-28']
129|213952.0|['1402-01-13']|
130|213968||['1402-12-17', '1402-12-18', '1402-12-21', '1402-12-25', '1403-01-08']
131|213971|['1402-01-05', '1402-01-06', '1402-01-07', '1402-01-08', '1402-01-09', '1402-01-12']|['1403-01-04', '1403-01-05', '1403-01-06', '1403-01-07', '1403-01-08', '1403-01-09', '1403-01-10', '1403-01-11', '1403-01-12']
132|214202|['1402-01-04', '1402-01-05', '1402-01-06', '1402-01-07', '1402-01-08', '1402-01-09']|
133|214204.0|['1401-12-25', '1401-12-26', '1401-12-28', '1401-12-29', '1402-01-01']|
134|214205|['1401-12-29']|
135|214209|['1402-01-13']|['1403-01-13']
136|214227.0|['1401-12-12']|
137|214239.0|['1401-12-28', '1401-12-29', '1402-01-01', '1402-01-02']|
138|214252.0|['1401-12-28', '1401-12-29', '1402-01-01', '1402-01-02', '1402-01-03', '1402-01-04']|
139|214254||['1402-12-28', '1402-12-29']
140|214255||['1402-12-29']
141|214259|['1402-01-13']|
142|214277.0|['1402-01-01', '1402-01-11']|
143|214289||['1403-01-04', '1403-01-05', '1403-01-06', '1403-01-07', '1403-01-08']
144|214301|['1401-12-25', '1401-12-26']|
145|214452|['1401-12-29']|['1402-12-29']
146|214503|['1401-12-28', '1401-12-29']|
147|214553|['1402-01-13', '1402-01-14']|
148|214561||['1402-12-12', '1402-12-13', '1402-12-14', '1402-12-15', '1402-12-16']
149|214602|['1401-12-28']|['1402-12-28', '1402-12-29']
150|214603|['1401-12-26', '1401-12-28', '1401-12-29', '1402-01-06', '1402-01-07', '1402-01-08']|
151|214604|['1401-12-28']|['1402-12-28', '1402-12-29']
152|214641||['1402-12-22']
153|214641.0|['1401-12-23']|
154|214653|['1401-12-26', '1401-12-29', '1402-01-01', '1402-01-02', '1402-01-04', '1402-01-06']|['1402-12-29', '1403-01-01']
155|214691||['1402-12-23']
156|214691.0|['1401-12-23', '1401-12-24', '1402-01-13']|
157|214703||['1402-12-11', '1403-01-13']
158|214753||['1402-12-28', '1402-12-29', '1403-01-01', '1403-01-02', '1403-01-03', '1403-01-04', '1403-01-08', '1403-01-09']
159|214901.0|['1402-01-04', '1402-01-05', '1402-01-06', '1402-01-11']|
160|214902|['1401-12-28', '1401-12-29', '1402-01-01', '1402-01-02']|
161|214952|['1402-01-04', '1402-01-05', '1402-01-06', '1402-01-07', '1402-01-11', '1402-01-12']|
162|214952.0||['1403-01-04', '1403-01-05', '1403-01-06', '1403-01-07', '1403-01-08', '1403-01-09', '1403-01-10', '1403-01-12']
163|214953|['1401-12-28', '1401-12-29']|['1402-12-20', '1402-12-21', '1402-12-22', '1402-12-23', '1402-12-24', '1402-12-25', '1402-12-26', '1402-12-29']
164|215104|['1401-12-10', '1401-12-11', '1401-12-13', '1401-12-14', '1401-12-15', '1401-12-16', '1401-12-17', '1401-12-18', '1401-12-25']|
165|215154|['1401-12-10', '1401-12-11', '1401-12-12', '1401-12-13', '1401-12-14', '1401-12-15', '1401-12-16', '1401-12-17', '1402-01-14']|
166|215205||['1402-12-28']
167|215253|['1402-01-11']|
168|215255.0|['1402-01-11', '1402-01-14']|
169|215353|['1402-01-13']|
170|263103||['1403-01-04', '1403-01-10']
171|263104|['1402-01-14']|
172|263105|['1402-01-14']|
173|263153||['1403-01-10']
174|263154|['1401-12-29']|['1402-12-29']
175|263155|['1401-12-29']|['1402-12-28', '1402-12-29']
176|263162|['1402-01-14']|
177|263501|['1402-01-01']|
178|263551|['1402-01-04']|
179|263602|['1401-12-25']|
180|263652|['1401-12-25']|
181|263804|['1402-01-03', '1402-01-04']|['1403-01-10']
182|263806|['1402-01-04']|['1403-01-10']
183|263852|['1402-01-13']|
184|263854|['1402-01-03', '1402-01-04']|['1403-01-10']
185|263856||['1403-01-10']
186|263901|['1402-01-14']|
187|263902|['1401-12-29']|['1402-12-29']
188|263903|['1402-01-14']|
189|263951|['1401-12-28', '1401-12-29']|['1402-12-28', '1402-12-29']
190|263952|['1402-01-14']|
191|264202||['1402-12-24', '1402-12-26', '1402-12-27', '1402-12-28']
192|264405||['1403-01-01']
193|264406|['1402-01-13']|['1403-01-13']
194|264456|['1402-01-13']|['1403-01-13']
195|264701|['1402-01-13']|
196|264703|['1402-01-03', '1402-01-04', '1402-01-05', '1402-01-06', '1402-01-10', '1402-01-13']|['1403-01-07', '1403-01-09', '1403-01-10', '1403-01-12']
197|264751|['1402-01-13']|['1403-01-13']
198|264753|['1402-01-03', '1402-01-05', '1402-01-13']|
199|313101||['1402-12-29']
200|313106.0|['1402-01-13']|
201|313107|['1402-01-13']|['1403-01-13']
202|313120|['1402-01-13']|['1403-01-13']
203|313145|['1401-12-29']|['1402-12-29']
204|313151|['1401-12-29']|
205|313157|['1402-01-13']|
206|313159|['1402-01-13']|
207|313160||['1402-12-16', '1403-01-15']
208|313170|['1402-01-13']|
209|313171|['1401-12-15', '1401-12-16']|
210|313180|['1402-01-13']|
211|313194||['1402-12-29', '1403-01-03', '1403-01-04', '1403-01-05', '1403-01-06', '1403-01-10', '1403-01-11']
212|313223|['1401-12-29']|['1402-12-29']
213|313258|['1402-01-13']|
214|313274|['1401-12-29']|['1402-12-29']
215|313703||['1402-12-23']
216|313752||['1402-12-12']
217|313801|['1401-12-28', '1401-12-29']|['1402-12-29']
218|313805||['1402-12-29']
219|313806|['1401-12-29']|['1402-12-29']
220|313822|['1402-01-04']|
221|313855|['1401-12-28', '1401-12-29', '1402-01-01']|['1402-12-28', '1402-12-29', '1403-01-01', '1403-01-03', '1403-01-05']
222|313856||['1402-12-29']
223|313872|['1401-12-29']|
224|313901|['1402-01-01']|
225|313909|['1402-01-01', '1402-01-02']|
226|313954|['1402-01-01']|
227|313960|['1402-01-13']|
228|314102||['1402-12-12', '1402-12-13']
229|314154||['1402-12-20', '1402-12-21', '1402-12-22', '1402-12-24']
230|314201|['1402-01-04', '1402-01-14']|['1403-01-04', '1403-01-05']
231|314202||['1403-01-02', '1403-01-03', '1403-01-04', '1403-01-05', '1403-01-06', '1403-01-07', '1403-01-08', '1403-01-09', '1403-01-10', '1403-01-11']
232|314203|['1402-01-13']|
233|314251|['1401-12-29', '1402-01-11']|['1402-12-29']
234|314252|['1402-01-12']|['1403-01-02', '1403-01-03', '1403-01-04', '1403-01-05', '1403-01-06', '1403-01-08', '1403-01-09', '1403-01-10', '1403-01-11']
235|314253||['1402-12-22', '1402-12-25']
236|314301|['1401-12-29', '1402-01-01']|['1402-12-29']
237|314303|['1401-12-29']|['1402-12-29']
238|314304|['1402-01-13']|
239|314320|['1401-12-28', '1401-12-29']|['1402-12-28', '1402-12-29']
240|314351|['1402-01-13']|['1403-01-13']
241|314352|['1401-12-26', '1401-12-27', '1401-12-28', '1401-12-29']|['1402-12-28', '1402-12-29', '1403-01-01', '1403-01-02']
242|314353|['1401-12-25', '1401-12-26', '1401-12-27', '1401-12-28', '1402-01-13', '1402-01-14']|['1403-01-06', '1403-01-07', '1403-01-08', '1403-01-09', '1403-01-11', '1403-01-13', '1403-01-14', '1403-01-16']
243|314354|['1402-01-13']|
244|314701||['1402-12-29']
245|314751|['1401-12-29', '1402-01-01', '1402-01-02']|['1402-12-29']
246|315305|['1401-12-28', '1401-12-29', '1402-01-01', '1402-01-02', '1402-01-04']|['1402-12-29', '1403-01-02']
247|315355|['1401-12-26', '1402-01-04', '1402-01-13']|['1403-01-10']
248|315451|['1402-01-04']|
249|315501|['1401-12-29', '1402-01-01', '1402-01-02', '1402-01-13']|['1402-12-29']
250|315502|['1401-12-29']|['1402-12-10']
251|315503|['1402-01-04']|
252|315505|['1402-01-11', '1402-01-12', '1402-01-13']|['1403-01-12']
253|315551|['1402-01-02', '1402-01-04', '1402-01-13']|
254|315553|['1401-12-12', '1401-12-13', '1401-12-14', '1401-12-15', '1401-12-16', '1401-12-29']|
255|315554|['1401-12-25', '1401-12-26', '1401-12-27', '1401-12-28', '1401-12-29']|['1402-12-27', '1402-12-28', '1402-12-29']
256|315555|['1401-12-25', '1401-12-26', '1401-12-27', '1401-12-28', '1401-12-29']|['1402-12-28', '1402-12-29']
257|315728|['1401-12-29', '1402-01-01']|
258|315751|['1401-12-29']|['1402-12-28', '1402-12-29', '1403-01-03', '1403-01-04', '1403-01-05', '1403-01-06', '1403-01-07', '1403-01-08']
259|315773|['1402-01-13']|
260|315778|['1402-01-02']|
261|323101|['1402-01-13']|
262|323203|['1402-01-13', '1402-01-14', '1402-01-15']|['1403-01-13', '1403-01-14', '1403-01-16', '1403-01-17']
263|323204|['1401-12-28']|['1402-12-27']
264|323205|['1401-12-25', '1401-12-28', '1401-12-29']|['1402-12-29']
265|323206|['1401-12-29']|
266|323207|['1401-12-27', '1401-12-28', '1401-12-29', '1402-01-11']|['1402-12-29']
267|323208|['1401-12-28', '1401-12-29']|['1402-12-28', '1402-12-29']
268|323209|['1402-01-13', '1402-01-14', '1402-01-15']|['1403-01-14', '1403-01-16', '1403-01-17']
269|323211|['1402-01-03', '1402-01-04']|['1403-01-03', '1403-01-04', '1403-01-05']
270|323253|['1401-12-28', '1401-12-29']|['1402-12-28', '1402-12-29', '1403-01-01']
271|323255|['1401-12-28']|
272|323257|['1401-12-28', '1402-01-11']|['1403-01-08', '1403-01-09']
273|323258|['1402-01-13', '1402-01-14']|
274|323259|['1401-12-27', '1401-12-28', '1401-12-29', '1402-01-01']|['1402-12-28', '1402-12-29']
275|323260||['1403-01-13']
276|323269.0|['1402-01-13']|['1403-01-13']
277|323304.0|['1402-01-01']|
278|323358|['1402-01-13']|
279|323551|['1402-01-01']|
280|323552|['1402-01-01']|
281|333101||['1402-12-23']
282|333108|['1401-12-26', '1401-12-29', '1402-01-01', '1402-01-02', '1402-01-03', '1402-01-04']|['1402-12-29', '1403-01-01', '1403-01-09', '1403-01-10']
283|333110|['1401-12-26', '1401-12-29', '1402-01-01', '1402-01-02', '1402-01-03', '1402-01-04', '1402-01-05']|['1402-12-29', '1403-01-02', '1403-01-03', '1403-01-04', '1403-01-05']
284|333151||['1402-12-12', '1402-12-13']
285|333158||['1403-01-07', '1403-01-08', '1403-01-09', '1403-01-10']
286|333160||['1402-12-29']
287|333201||['1403-01-09', '1403-01-10', '1403-01-11', '1403-01-16']
288|333215|['1401-12-29', '1402-01-02', '1402-01-03', '1402-01-04', '1402-01-12', '1402-01-13']|['1403-01-04', '1403-01-09']
289|333216|['1401-12-28', '1401-12-29', '1402-01-01', '1402-01-02', '1402-01-03', '1402-01-04']|['1402-12-29', '1403-01-02', '1403-01-03', '1403-01-04']
290|333217|['1401-12-28', '1401-12-29', '1402-01-02', '1402-01-10', '1402-01-11']|['1403-01-09', '1403-01-10']
291|333221|['1401-12-28']|
292|333223|['1401-12-29', '1402-01-02', '1402-01-03']|
293|333224||['1403-01-08', '1403-01-09', '1403-01-10', '1403-01-11']
294|333225|['1401-12-16']|
295|333225.0||['1403-01-03']
296|333230||['1402-12-28', '1402-12-29', '1403-01-06', '1403-01-07', '1403-01-08', '1403-01-11', '1403-01-12']
297|333265|['1401-12-29', '1402-01-01', '1402-01-02', '1402-01-03', '1402-01-04', '1402-01-05']|['1403-01-01', '1403-01-02', '1403-01-03', '1403-01-04', '1403-01-05', '1403-01-06', '1403-01-07']
298|333266|['1401-12-28', '1401-12-29', '1402-01-02', '1402-01-03']|['1402-12-29']
299|333267|['1401-12-28', '1401-12-29', '1402-01-01', '1402-01-02', '1402-01-03', '1402-01-04']|['1403-01-02']
300|333271||['1402-12-21', '1402-12-22', '1402-12-23', '1402-12-24', '1402-12-25', '1402-12-26', '1402-12-27', '1402-12-28', '1402-12-29', '1403-01-01', '1403-01-02', '1403-01-03', '1403-01-04', '1403-01-05', '1403-01-06', '1403-01-07', '1403-01-08', '1403-01-09', '1403-01-10', '1403-01-11', '1403-01-12', '1403-01-13', '1403-01-14', '1403-01-15']
301|333273|['1401-12-28', '1401-12-29', '1402-01-01', '1402-01-02', '1402-01-03']|['1402-12-29']
302|333275|['1401-12-19', '1402-01-13']|
303|333275.0||['1403-01-08', '1403-01-09', '1403-01-10', '1403-01-11', '1403-01-16']
304|333312||['1403-01-20']
305|333403||['1403-01-08', '1403-01-09', '1403-01-10', '1403-01-11', '1403-01-16', '1403-01-17']
306|333404||['1402-12-27', '1402-12-28', '1402-12-29', '1403-01-01', '1403-01-02', '1403-01-03', '1403-01-04', '1403-01-05', '1403-01-10']
307|333408||['1402-12-18', '1402-12-19', '1402-12-20', '1402-12-21', '1402-12-22', '1402-12-23', '1402-12-24', '1402-12-25', '1402-12-26', '1402-12-27', '1402-12-28', '1402-12-29', '1403-01-01', '1403-01-02', '1403-01-03', '1403-01-04', '1403-01-05']
308|333451||['1402-12-24', '1402-12-25', '1402-12-26', '1402-12-27', '1402-12-28', '1402-12-29', '1403-01-01', '1403-01-02', '1403-01-03']
309|333453||['1403-01-08', '1403-01-09']
310|333458||['1402-12-17', '1402-12-18', '1402-12-25', '1403-01-09', '1403-01-10']
311|333552|['1402-01-13']|
312|333562||['1403-01-09']
313|333901||['1403-01-09']
314|333902|['1401-12-29', '1402-01-01', '1402-01-02', '1402-01-03', '1402-01-04']|['1403-01-04', '1403-01-09', '1403-01-10']
315|333903|['1401-12-29']|['1402-12-28', '1402-12-29']
316|334701|['1401-12-29', '1402-01-02']|
317|334701.0||['1402-12-29', '1403-01-01', '1403-01-02']
318|334702||['1402-12-29', '1403-01-06']
319|334703|['1402-01-13']|
320|334751|['1401-12-29', '1402-01-04']|['1402-12-28', '1402-12-29', '1403-01-01', '1403-01-03', '1403-01-05']
321|334752|['1401-12-28', '1401-12-29', '1402-01-01', '1402-01-02', '1402-01-03', '1402-01-04']|['1402-12-29', '1403-01-01', '1403-01-03', '1403-01-04', '1403-01-05']
322|334753|['1402-01-01', '1402-01-02', '1402-01-13']|
323|335654|['1401-12-24', '1401-12-25', '1401-12-26', '1401-12-28', '1401-12-29']|
324|362113||['1403-01-03', '1403-01-04', '1403-01-10', '1403-01-13', '1403-01-14']
325|362113.0|['1402-01-04', '1402-01-13', '1402-01-14']|
326|362163|['1402-01-03', '1402-01-10', '1402-01-11', '1402-01-12']|['1403-01-02', '1403-01-03', '1403-01-08', '1403-01-09', '1403-01-10', '1403-01-12']
327|363104|['1402-01-13']|['1403-01-09']
328|363107|['1402-01-13']|
329|363114|['1402-01-13']|
330|363152|['1402-01-02']|['1403-01-04', '1403-01-05', '1403-01-09', '1403-01-10']
331|363154|['1402-01-13']|
332|363201|['1402-01-02', '1402-01-03', '1402-01-04', '1402-01-05', '1402-01-09', '1402-01-10']|['1403-01-03', '1403-01-04', '1403-01-07', '1403-01-08', '1403-01-09', '1403-01-10', '1403-01-11']
333|363230||['1403-01-02', '1403-01-09', '1403-01-12']
334|363230.0|['1402-01-10', '1402-01-12']|
335|363251|['1402-01-02', '1402-01-03', '1402-01-04', '1402-01-05']|['1403-01-02', '1403-01-03', '1403-01-04', '1403-01-07', '1403-01-09']
336|363280||['1403-01-13', '1403-01-14']
337|363280.0|['1402-01-04', '1402-01-13', '1402-01-14']|
338|363304||['1403-01-10']
339|363313|['1402-01-16']|['1403-01-10']
340|363314|['1401-12-24', '1402-01-04', '1402-01-05', '1402-01-06', '1402-01-07', '1402-01-10', '1402-01-11']|
341|363354|['1401-12-26', '1401-12-29']|
342|363363||['1403-01-07', '1403-01-08']
343|363364|['1401-12-24', '1402-01-04', '1402-01-05', '1402-01-06', '1402-01-07', '1402-01-10', '1402-01-11']|
344|363402|['1402-01-04', '1402-01-05', '1402-01-09', '1402-01-10', '1402-01-11', '1402-01-12', '1402-01-13', '1402-01-14']|['1403-01-03', '1403-01-04', '1403-01-05', '1403-01-07', '1403-01-08', '1403-01-09', '1403-01-10', '1403-01-11', '1403-01-12', '1403-01-13', '1403-01-14']
345|363452|['1401-12-26', '1401-12-28', '1401-12-29', '1402-01-01', '1402-01-02', '1402-01-03', '1402-01-04', '1402-01-05']|['1402-12-28', '1403-01-01', '1403-01-02', '1403-01-03', '1403-01-05', '1403-01-07', '1403-01-08', '1403-01-09', '1403-01-10', '1403-01-11', '1403-01-13']
346|363501||['1403-01-06']
347|363551||['1403-01-06']
348|363606|['1402-01-02', '1402-01-03']|
349|363607|['1402-01-01', '1402-01-02', '1402-01-03', '1402-01-04', '1402-01-05']|
350|363627|['1402-01-01', '1402-01-02', '1402-01-03', '1402-01-04', '1402-01-05']|['1403-01-02', '1403-01-03', '1403-01-04', '1403-01-07', '1403-01-08', '1403-01-09']
351|363677|['1402-01-02', '1402-01-03', '1402-01-04', '1402-01-05']|['1403-01-03', '1403-01-04', '1403-01-05', '1403-01-07', '1403-01-08', '1403-01-09', '1403-01-10']
352|363678||['1403-01-08', '1403-01-10']
353|363703||['1403-01-07', '1403-01-08', '1403-01-09']
354|363751|['1402-01-05']|
355|363753|['1402-01-10']|['1403-01-07', '1403-01-08', '1403-01-09', '1403-01-11']
356|364201|['1401-12-29', '1402-01-02']|
357|364203|['1401-12-28']|
358|364251|['1402-01-02']|
359|364301|['1401-12-28']|
360|364353||['1403-01-03', '1403-01-10', '1403-01-12', '1403-01-13', '1403-01-17']
361|364401|['1402-01-10']|['1403-01-08', '1403-01-09', '1403-01-12']
362|364402|['1401-12-25']|['1403-01-09']
363|364403|['1402-01-04', '1402-01-13', '1402-01-14']|['1403-01-13', '1403-01-14']
364|364404||['1403-01-10', '1403-01-13']
365|364406||['1402-12-18']
366|364451|['1402-01-04', '1402-01-13']|['1403-01-04', '1403-01-13']
367|364452|['1402-01-04']|['1403-01-04', '1403-01-07', '1403-01-08', '1403-01-09', '1403-01-10']
368|364453||['1403-01-09']
369|364454|['1402-01-13']|
370|364501||['1403-01-07', '1403-01-08', '1403-01-09', '1403-01-10', '1403-01-11']
371|364502|['1402-01-13']|['1403-01-04', '1403-01-07', '1403-01-09', '1403-01-10', '1403-01-13']
372|364503||['1402-12-27', '1402-12-28', '1403-01-09']
373|364508|['1402-01-10']|['1403-01-03', '1403-01-04', '1403-01-05', '1403-01-07', '1403-01-08', '1403-01-09', '1403-01-10', '1403-01-11']
374|364509|['1402-01-13']|
375|364510||['1403-01-03', '1403-01-04', '1403-01-07', '1403-01-09', '1403-01-10', '1403-01-11', '1403-01-12']
376|364551||['1402-12-28', '1403-01-03', '1403-01-04', '1403-01-07', '1403-01-08', '1403-01-09', '1403-01-10']
377|364552||['1403-01-09']
378|364553||['1403-01-04', '1403-01-07', '1403-01-08', '1403-01-09', '1403-01-10']
379|364558||['1403-01-04', '1403-01-07', '1403-01-08', '1403-01-09', '1403-01-10', '1403-01-11']
380|364559|['1402-01-13']|['1403-01-13']
381|364560||['1402-12-28', '1403-01-02', '1403-01-03', '1403-01-04', '1403-01-05', '1403-01-07', '1403-01-08', '1403-01-09', '1403-01-10', '1403-01-11', '1403-01-12']
382|364601|['1402-01-03', '1402-01-09', '1402-01-10', '1402-01-11', '1402-01-12']|['1403-01-02', '1403-01-07', '1403-01-08', '1403-01-09', '1403-01-10', '1403-01-11', '1403-01-12']
383|364602|['1402-01-03', '1402-01-04', '1402-01-10', '1402-01-11', '1402-01-12', '1402-01-13']|['1403-01-02', '1403-01-03', '1403-01-04', '1403-01-08', '1403-01-09', '1403-01-10', '1403-01-11', '1403-01-13']
384|364603|['1402-01-03', '1402-01-04', '1402-01-09', '1402-01-10', '1402-01-11', '1402-01-12', '1402-01-13']|['1403-01-02', '1403-01-03', '1403-01-07', '1403-01-08', '1403-01-09', '1403-01-13']
385|364651|['1402-01-03', '1402-01-04', '1402-01-10', '1402-01-13', '1402-01-14']|['1403-01-03', '1403-01-04', '1403-01-07', '1403-01-08', '1403-01-09', '1403-01-10', '1403-01-13', '1403-01-14']
386|364652|['1402-01-03', '1402-01-04', '1402-01-10', '1402-01-11', '1402-01-12', '1402-01-13']|['1403-01-02', '1403-01-03', '1403-01-04', '1403-01-07', '1403-01-09', '1403-01-10', '1403-01-12']
387|364653|['1402-01-03', '1402-01-04', '1402-01-10', '1402-01-11', '1402-01-12', '1402-01-13']|['1403-01-03', '1403-01-04', '1403-01-07', '1403-01-08', '1403-01-09', '1403-01-13']
388|364702|['1402-01-02', '1402-01-03']|['1403-01-02', '1403-01-03', '1403-01-09']
389|364752|['1402-01-02', '1402-01-04', '1402-01-13']|['1403-01-03', '1403-01-04', '1403-01-10']
390|410247||['1403-01-08']
391|413101||['1403-01-12']
392|413107.0||['1403-01-10', '1403-01-11']
393|413108|['1401-12-23', '1402-01-13']|
394|413108.0||['1403-01-13']
395|413109||['1403-01-02', '1403-01-07', '1403-01-08', '1403-01-09']
396|413124.0||['1403-01-02', '1403-01-07', '1403-01-08', '1403-01-09']
397|413158|['1402-01-13']|
398|413158.0||['1403-01-13']
399|413159|['1402-01-04', '1402-01-05', '1402-01-11', '1402-01-12', '1402-01-13', '1402-01-14']|['1403-01-04', '1403-01-08', '1403-01-10', '1403-01-11', '1403-01-12', '1403-01-13', '1403-01-14']
400|413174|['1402-01-04', '1402-01-13', '1402-01-14']|
401|413174.0||['1403-01-10', '1403-01-13', '1403-01-14']
402|413202|['1402-01-05', '1402-01-06', '1402-01-07', '1402-01-11', '1402-01-12']|
403|413252|['1402-01-02', '1402-01-03']|
404|413267|['1402-01-04', '1402-01-13']|
405|413267.0||['1403-01-13']
406|413272|['1402-01-14']|
407|413272.0||['1403-01-14']
408|413301|['1401-12-28', '1401-12-29', '1402-01-02']|
409|413302||['1403-01-17']
410|413304|['1402-01-05', '1402-01-06', '1402-01-07', '1402-01-08', '1402-01-09', '1402-01-10', '1402-01-11']|
411|413351|['1402-01-05', '1402-01-07', '1402-01-08', '1402-01-09', '1402-01-11']|
412|413354|['1401-12-28', '1401-12-29', '1402-01-01', '1402-01-02', '1402-01-03', '1402-01-04']|
413|413606||['1402-12-28', '1403-01-02', '1403-01-03']
414|413656||['1403-01-09', '1403-01-10', '1403-01-11', '1403-01-12']
415|413702|['1402-01-06', '1402-01-08', '1402-01-09', '1402-01-10', '1402-01-11', '1402-01-12']|['1403-01-07', '1403-01-08', '1403-01-09', '1403-01-10']
416|413765|['1402-01-13']|
417|413801.0|['1402-01-03', '1402-01-04', '1402-01-05', '1402-01-06', '1402-01-14']|['1403-01-04', '1403-01-05', '1403-01-07']
418|413851.0|['1402-01-06']|['1402-12-28', '1403-01-07', '1403-01-08', '1403-01-09']
419|414102|['1401-12-12']|
420|414114||['1403-01-04', '1403-01-05', '1403-01-06', '1403-01-07', '1403-01-08', '1403-01-09', '1403-01-10', '1403-01-11', '1403-01-12', '1403-01-13']
421|414115||['1403-01-12', '1403-01-13']
422|414152|['1401-12-12', '1402-01-04', '1402-01-13']|
423|414158|['1401-12-27', '1401-12-28', '1402-01-05', '1402-01-06', '1402-01-07', '1402-01-08', '1402-01-09', '1402-01-10']|['1403-01-07']
424|414202|['1402-01-12', '1402-01-13']|['1403-01-13']
425|414252|['1402-01-12', '1402-01-13']|['1403-01-13']
426|414302|['1402-01-13']|
427|414307|['1402-01-11', '1402-01-12', '1402-01-13']|
428|414307.0||['1403-01-10', '1403-01-12', '1403-01-13']
429|414308|['1401-12-10', '1401-12-11', '1401-12-16', '1401-12-17', '1401-12-29', '1402-01-12']|
430|414309|['1402-01-13']|
431|414309.0||['1403-01-13']
432|414310|['1401-12-29', '1402-01-02']|
433|414310.0||['1403-01-02', '1403-01-07', '1403-01-08']
434|414311|['1401-12-12', '1401-12-17', '1402-01-01', '1402-01-02', '1402-01-03', '1402-01-04']|
435|414311.0||['1403-01-02', '1403-01-03', '1403-01-04', '1403-01-07', '1403-01-08', '1403-01-09', '1403-01-10']
436|414352|['1401-12-29']|['1403-01-02']
437|414357|['1402-01-11', '1402-01-12', '1402-01-13']|
438|414357.0||['1403-01-10', '1403-01-11', '1403-01-12', '1403-01-13']
439|414359|['1402-01-13']|
440|414359.0||['1403-01-13']
441|414360|['1402-01-04', '1402-01-06', '1402-01-11', '1402-01-12']|
442|414360.0||['1403-01-05', '1403-01-10', '1403-01-11', '1403-01-12']
443|414402||['1403-01-02', '1403-01-03', '1403-01-04']
444|414403|['1402-01-04', '1402-01-05', '1402-01-11', '1402-01-12', '1402-01-13']|['1403-01-10', '1403-01-12', '1403-01-13']
445|414452||['1403-01-10', '1403-01-11']
446|414453|['1402-01-03', '1402-01-04', '1402-01-13']|['1403-01-02', '1403-01-10', '1403-01-13']
447|414551.0||['1402-12-23']
448|414601|['1402-01-06', '1402-01-15']|
449|414602||['1403-01-05', '1403-01-06', '1403-01-07', '1403-01-08', '1403-01-09', '1403-01-10', '1403-01-11']
450|414603|['1402-01-12', '1402-01-13']|
451|414604|['1401-12-10', '1401-12-11', '1401-12-12', '1401-12-13', '1401-12-14', '1401-12-15', '1401-12-16', '1401-12-17']|
452|414614|['1401-12-27', '1401-12-28', '1401-12-29', '1402-01-01', '1402-01-02']|['1403-01-06', '1403-01-07', '1403-01-08', '1403-01-09']
453|414653|['1402-01-13']|
454|414654|['1401-12-10', '1401-12-11', '1401-12-12', '1401-12-13', '1401-12-14', '1401-12-15', '1401-12-16', '1401-12-17', '1402-01-13']|
455|414657|['1401-12-27']|
456|414658|['1401-12-12']|
457|414801|['1402-01-02', '1402-01-03', '1402-01-04', '1402-01-05', '1402-01-13']|['1403-01-04', '1403-01-07', '1403-01-13']
458|414802|['1402-01-04', '1402-01-05', '1402-01-06', '1402-01-07', '1402-01-08', '1402-01-09', '1402-01-10', '1402-01-11', '1402-01-12']|
459|414803|['1401-12-21']|
460|414806|['1401-12-28', '1401-12-29']|
461|414807|['1401-12-28', '1401-12-29']|
462|414819|['1402-01-04', '1402-01-05', '1402-01-06', '1402-01-07', '1402-01-08', '1402-01-09', '1402-01-10', '1402-01-11', '1402-01-12']|
463|414851|['1402-01-03', '1402-01-05', '1402-01-06', '1402-01-08', '1402-01-09', '1402-01-10', '1402-01-11', '1402-01-12']|['1403-01-04', '1403-01-07', '1403-01-08', '1403-01-09', '1403-01-10', '1403-01-12']
464|414852|['1401-12-26', '1401-12-28', '1401-12-29', '1402-01-01', '1402-01-02', '1402-01-03', '1402-01-04', '1402-01-05', '1402-01-06']|
465|414856|['1402-01-10']|
466|414869|['1401-12-28', '1401-12-29', '1402-01-02', '1402-01-03', '1402-01-04']|
467|414901|['1401-12-29', '1402-01-02', '1402-01-03']|
468|414901.0||['1403-01-02', '1403-01-07', '1403-01-08', '1403-01-09']
469|414902|['1402-01-04']|['1403-01-04', '1403-01-07']
470|414951|['1402-01-04', '1402-01-05', '1402-01-06']|
471|414951.0||['1403-01-10']
472|414952|['1402-01-05', '1402-01-06', '1402-01-08', '1402-01-09', '1402-01-10', '1402-01-11']|['1403-01-07', '1403-01-08', '1403-01-09', '1403-01-10']
473|453102|['1402-01-13']|
474|453104|['1402-01-13']|
475|453112|['1402-01-13']|['1403-01-13']
476|453113|['1402-01-03', '1402-01-04', '1402-01-10', '1402-01-11', '1402-01-12']|['1403-01-02', '1403-01-03', '1403-01-04', '1403-01-05', '1403-01-06', '1403-01-07', '1403-01-08', '1403-01-09', '1403-01-10', '1403-01-11', '1403-01-12', '1403-01-13', '1403-01-14', '1403-01-15', '1403-01-16', '1403-01-17', '1403-01-18', '1403-01-19', '1403-01-20']
477|453114|['1402-01-13']|
478|453154|['1402-01-13']|
479|453154.0||['1403-01-13']
480|453163|['1402-01-03', '1402-01-04', '1402-01-11', '1402-01-13']|['1403-01-02', '1403-01-03', '1403-01-04', '1403-01-05', '1403-01-06', '1403-01-07', '1403-01-08', '1403-01-09', '1403-01-10', '1403-01-11', '1403-01-12', '1403-01-13', '1403-01-14', '1403-01-15', '1403-01-16', '1403-01-17', '1403-01-18', '1403-01-19', '1403-01-20']
481|453164|['1402-01-13']|['1403-01-13']
482|453203.0|['1402-01-12']|
483|453204|['1402-01-13']|['1403-01-13']
484|453205|['1402-01-13']|
485|453206||['1403-01-08']
486|453246.0||['1402-12-24']
487|453247||['1403-01-18', '1403-01-19']
488|453251|['1401-12-29', '1402-01-02', '1402-01-04']|['1402-12-29', '1403-01-01', '1403-01-02', '1403-01-03', '1403-01-04', '1403-01-05', '1403-01-06']
489|453253|['1402-01-13']|
490|453254|['1402-01-13']|
491|453254.0||['1403-01-13']
492|453256|['1401-12-26']|['1402-12-19', '1403-01-08', '1403-01-09', '1403-01-13']
493|453297|['1402-01-13']|
494|453299|['1402-01-13']|['1403-01-13']
495|453301|['1402-01-13']|
496|453302|['1402-01-13']|
497|453311|['1402-01-13']|
498|453351||['1402-12-21']
499|453352|['1402-01-12']|
500|453361|['1402-01-13']|['1403-01-13']
501|453401|['1402-01-05', '1402-01-13']|['1403-01-04', '1403-01-13']
502|453451|['1402-01-05']|['1403-01-04', '1403-01-13']
503|453502|['1401-12-10', '1401-12-11', '1401-12-12', '1401-12-13']|
504|453505|['1402-01-12', '1402-01-13']|
505|453555|['1402-01-13']|['1403-01-13']
506|453602|['1402-01-13']|
507|453603|['1402-01-13']|
508|453611|['1401-12-23', '1402-01-13']|
509|453619|['1402-01-13']|
510|453652|['1402-01-13']|
511|453653|['1402-01-13']|
512|453655|['1402-01-13']|
513|453661|['1401-12-23', '1402-01-13']|
514|453669|['1402-01-13']|
515|453702||['1402-12-29', '1403-01-03', '1403-01-06', '1403-01-08', '1403-01-12', '1403-01-20']
516|453704|['1401-12-29', '1402-01-02']|
517|453707|['1402-01-13']|
518|453753|['1401-12-29']|
519|453754|['1402-01-06', '1402-01-07', '1402-01-08', '1402-01-09', '1402-01-10', '1402-01-11', '1402-01-13']|
520|453757|['1402-01-13']|['1403-01-13']
521|453801|['1402-01-12']|['1403-01-09']
522|453802.0|['1402-01-11']|
523|453851|['1402-01-02', '1402-01-03', '1402-01-04', '1402-01-13']|['1403-01-02', '1403-01-03', '1403-01-04', '1403-01-13']
524|453853|['1402-01-13']|
525|453901|['1401-12-29', '1402-01-02', '1402-01-03', '1402-01-04']|['1403-01-01', '1403-01-02', '1403-01-03', '1403-01-04']
526|453904||['1403-01-13']
527|453927.0||['1403-01-06', '1403-01-07']
528|453930||['1403-01-02']
529|453931||['1403-01-13']
530|453951|['1402-01-05', '1402-01-06', '1402-01-07', '1402-01-08', '1402-01-09', '1402-01-10', '1402-01-11']|['1403-01-06', '1403-01-07', '1403-01-08', '1403-01-09', '1403-01-10', '1403-01-11']
531|453954|['1402-01-13']|['1403-01-13']
532|453958|['1401-12-29']|
533|453980|['1402-01-11']|
534|453981|['1402-01-13']|['1403-01-13']
535|454103|['1402-01-06', '1402-01-07', '1402-01-08', '1402-01-09', '1402-01-10', '1402-01-11']|
536|454153|['1402-01-02']|
537|454203|['1402-01-02', '1402-01-03', '1402-01-04']|
538|454216|['1402-01-02', '1402-01-03', '1402-01-04', '1402-01-10', '1402-01-11', '1402-01-12', '1402-01-13']|
539|454220|['1401-12-28', '1401-12-29', '1402-01-02']|
540|454264|['1402-01-12']|
541|454266|['1402-01-10', '1402-01-11', '1402-01-12', '1402-01-13']|
542|454268|['1402-01-09', '1402-01-10']|
543|513102|['1401-12-28', '1401-12-29']|
544|513105|['1401-12-25', '1401-12-28', '1401-12-29']|
545|513112||['1402-12-28']
546|513151||['1403-01-05', '1403-01-07', '1403-01-08', '1403-01-09', '1403-01-10', '1403-01-11', '1403-01-14']
547|513152.0|['1402-01-14']|
548|513153|['1402-01-14']|
549|513161||['1403-01-13']
550|513162.0|['1402-01-14']|
551|513215|['1401-12-28', '1401-12-29']|
552|513265|['1402-01-14']|
553|513267||['1403-01-10', '1403-01-18']
554|513403|['1402-01-13']|
555|513453|['1402-01-13']|['1403-01-09']
556|513454|['1402-01-13']|['1403-01-13']
557|513603|['1401-12-28', '1401-12-29']|
558|513605|['1401-12-28', '1401-12-29']|['1402-12-28', '1402-12-29']
559|513606||['1402-12-28', '1402-12-29']
560|513608|['1401-12-29']|
561|513621|['1401-12-28', '1401-12-29']|['1402-12-28', '1402-12-29']
562|513652|['1402-01-13']|
563|513655|['1402-01-14']|['1403-01-14']
564|513661|['1401-12-29']|
565|513670|['1401-12-29']|
566|513671|['1402-01-14']|
567|513699|['1401-12-28', '1401-12-29']|
568|513702|['1401-12-28', '1401-12-29']|['1402-12-29']
569|513703|['1401-12-28']|
570|513751|['1401-12-29']|
571|513753|['1402-01-14']|
572|543102|['1402-01-03', '1402-01-04', '1402-01-05']|['1403-01-07']
573|543112||['1403-01-09']
574|543118||['1403-01-02', '1403-01-03', '1403-01-04', '1403-01-05', '1403-01-06', '1403-01-07', '1403-01-08', '1403-01-09', '1403-01-10', '1403-01-11', '1403-01-12', '1403-01-13']
575|543119||['1403-01-04', '1403-01-05', '1403-01-06', '1403-01-07', '1403-01-08', '1403-01-09', '1403-01-10', '1403-01-11', '1403-01-12', '1403-01-13', '1403-01-14']
576|543120||['1403-01-02', '1403-01-03', '1403-01-04', '1403-01-05', '1403-01-06', '1403-01-17']
577|543152|['1402-01-04', '1402-01-05', '1402-01-06']|['1403-01-05', '1403-01-07']
578|543155|['1401-12-29']|['1402-12-29']
579|543168||['1403-01-02', '1403-01-04', '1403-01-05', '1403-01-06', '1403-01-07', '1403-01-08', '1403-01-09', '1403-01-10', '1403-01-11', '1403-01-12', '1403-01-13', '1403-01-14']
580|543170||['1403-01-02', '1403-01-03', '1403-01-04', '1403-01-05', '1403-01-06', '1403-01-07', '1403-01-08', '1403-01-09', '1403-01-10', '1403-01-11', '1403-01-12', '1403-01-13', '1403-01-14', '1403-01-15', '1403-01-16', '1403-01-17', '1403-01-18', '1403-01-19', '1403-01-20']
581|543201|['1402-01-05']|
582|543222|['1401-12-29', '1402-01-03']|
583|543230||['1403-01-12']
584|543251|['1402-01-01']|
585|543272||['1402-12-29']
586|543285||['1403-01-08']
587|543310|['1402-01-09']|
588|543352|['1402-01-03', '1402-01-04', '1402-01-05', '1402-01-06', '1402-01-09']|['1403-01-03', '1403-01-04', '1403-01-05', '1403-01-06', '1403-01-07', '1403-01-09', '1403-01-10']
589|543402|['1402-01-03', '1402-01-04', '1402-01-05', '1402-01-06', '1402-01-07', '1402-01-08', '1402-01-09', '1402-01-10']|
590|543402.0||['1403-01-05', '1403-01-07', '1403-01-09']
591|543403|['1402-01-04']|
592|543404|['1402-01-03', '1402-01-04']|['1403-01-07', '1403-01-09']
593|543452|['1402-01-04', '1402-01-05', '1402-01-06', '1402-01-07', '1402-01-08', '1402-01-09', '1402-01-10']|
594|543452.0||['1402-12-19', '1403-01-04', '1403-01-05', '1403-01-07']
595|543454|['1402-01-04', '1402-01-05']|['1403-01-04', '1403-01-10']
596|543503||['1403-01-12']
597|543553||['1402-12-29']
598|543556||['1403-01-06', '1403-01-08', '1403-01-09']
599|543601|['1402-01-03']|
600|543602||['1403-01-07']
601|543602.0|['1402-01-03', '1402-01-04', '1402-01-05', '1402-01-06']|
602|543609.0|['1402-01-05']|['1403-01-03', '1403-01-04', '1403-01-07']
603|543651|['1402-01-03', '1402-01-04', '1402-01-05']|
604|543652|['1402-01-03', '1402-01-04', '1402-01-05', '1402-01-06', '1402-01-07', '1402-01-09', '1402-01-10']|['1403-01-05']
605|543656||['1402-12-23']
606|543659.0||['1403-01-03', '1403-01-04', '1403-01-05', '1403-01-06', '1403-01-07', '1403-01-08', '1403-01-10']
607|543701|['1402-01-03', '1402-01-04', '1402-01-05', '1402-01-06', '1402-01-07', '1402-01-08', '1402-01-09', '1402-01-10']|['1403-01-04', '1403-01-07', '1403-01-09', '1403-01-10']
608|543751|['1402-01-03', '1402-01-04', '1402-01-05', '1402-01-06', '1402-01-07', '1402-01-08', '1402-01-09', '1402-01-10']|['1403-01-04', '1403-01-05', '1403-01-06', '1403-01-07', '1403-01-09', '1403-01-10']
609|543901|['1402-01-03', '1402-01-04', '1402-01-05', '1402-01-06']|['1403-01-04', '1403-01-05', '1403-01-06', '1403-01-07']
610|543904|['1401-12-28', '1402-01-03', '1402-01-04', '1402-01-05', '1402-01-06', '1402-01-07', '1402-01-08', '1402-01-09']|['1403-01-09']
611|543951|['1402-01-03']|
612|543954|['1401-12-28', '1402-01-04']|
613|544251||['1403-01-09']
614|544308|['1402-01-11']|
615|544309|['1402-01-03']|
616|544502|['1402-01-04']|
617|544551|['1401-12-29']|
618|573104||['1403-01-03', '1403-01-04', '1403-01-10']
619|573105|['1402-01-17']|
620|573154||['1403-01-04', '1403-01-10']
621|573202||['1403-01-10']
622|573211||['1403-01-13']
623|573226||['1403-01-13']
624|573261||['1403-01-13']
625|573276||['1403-01-13']
626|573301||['1402-12-29', '1403-01-01', '1403-01-02']
627|573401||['1403-01-12']
628|573402||['1403-01-13']
629|573451|['1401-12-29']|['1402-12-29', '1403-01-02']
630|573502|['1401-12-22', '1401-12-23']|
631|573503|['1402-01-13']|
632|573518||['1403-01-13']
633|573553|['1402-01-13']|['1403-01-13']
634|573567.0||['1402-12-13', '1402-12-14', '1402-12-15', '1402-12-19', '1402-12-20', '1402-12-21', '1402-12-22']
635|573568||['1403-01-13']
636|573709||['1403-01-07', '1403-01-08', '1403-01-13']
637|573751|['1401-12-25']|['1402-12-17', '1403-01-09']
638|573759||['1403-01-07', '1403-01-08', '1403-01-13']
639|573801|['1402-01-18']|
640|573802|['1402-01-13']|['1403-01-13']
641|573851|['1402-01-08']|
642|573852|['1402-01-13']|['1403-01-13']
643|573853|['1401-12-10']|
644|573903|['1402-01-13']|['1403-01-13']
645|573951.0||['1403-01-07', '1403-01-08']
646|573953|['1402-01-13']|['1403-01-13']
647|573954||['1403-01-13']
648|574102|['1401-12-25']|
649|574105||['1403-01-05']
650|574106|['1402-01-13']|['1403-01-13']
651|574156|['1402-01-13']|['1403-01-13']
652|574157|['1402-01-13']|
653|574161||['1403-01-04', '1403-01-05', '1403-01-06', '1403-01-07', '1403-01-08', '1403-01-09', '1403-01-15']
654|613102||['1403-01-09']
655|613106|['1401-12-25', '1401-12-26', '1401-12-28', '1401-12-29']|
656|613151||['1402-12-14', '1402-12-16', '1402-12-17', '1402-12-18', '1402-12-19', '1402-12-20', '1403-01-09']
657|613156|['1401-12-19', '1402-01-02', '1402-01-04']|
658|613243.0||['1402-12-22']
659|613244||['1403-01-01', '1403-01-02']
660|613271|['1402-01-10']|
661|613292|['1402-01-13']|
662|613293||['1402-12-22']
663|613304|['1402-01-02', '1402-01-06', '1402-01-07']|['1403-01-05', '1403-01-06', '1403-01-07', '1403-01-08']
664|613351|['1401-12-27']|
665|613353.0|['1402-01-01', '1402-01-02']|['1403-01-07', '1403-01-08']
666|613354|['1401-12-29', '1402-01-02']|
667|613414||['1403-01-09', '1403-01-10']
668|613414.0|['1401-12-16', '1401-12-17', '1401-12-19', '1401-12-23', '1401-12-24', '1401-12-25', '1401-12-26', '1401-12-27', '1401-12-28', '1401-12-29', '1402-01-01', '1402-01-02']|
669|613460||['1403-01-09', '1403-01-10']
670|613464|['1402-01-02']|
671|613502||['1402-12-10', '1402-12-12', '1402-12-13', '1403-01-09']
672|613505|['1401-12-25', '1401-12-28', '1401-12-29']|
673|613507||['1403-01-09']
674|613510|['1402-01-02']|
675|613552||['1402-12-10', '1402-12-12', '1402-12-13']
676|613557|['1401-12-25', '1401-12-28', '1401-12-29']|
677|613560|['1402-01-02']|
678|613651|['1402-01-19']|
679|613656||['1403-01-09', '1403-01-10', '1403-01-17']
680|613701|['1401-12-27', '1401-12-28', '1401-12-29', '1402-01-01', '1402-01-02']|
681|613702||['1402-12-20', '1402-12-27', '1403-01-06']
682|613702.0|['1401-12-27', '1401-12-28', '1401-12-29', '1402-01-02']|
683|613703|['1402-01-01']|
684|613704|['1401-12-27', '1401-12-28', '1402-01-01', '1402-01-02']|
685|613706|['1402-01-13']|
686|613751|['1402-01-01', '1402-01-02']|
687|613752.0|['1401-12-20', '1402-01-02']|
688|613754|['1402-01-01', '1402-01-02']|['1403-01-09']
689|615601||['1402-12-10', '1402-12-12', '1402-12-13']
690|643109|['1402-01-06', '1402-01-07', '1402-01-10', '1402-01-11']|['1403-01-06', '1403-01-08', '1403-01-09', '1403-01-10']
691|643110||['1403-01-06']
692|643116||['1403-01-05', '1403-01-06']
693|643126|['1401-12-29', '1402-01-01', '1402-01-02', '1402-01-03', '1402-01-04', '1402-01-05']|['1402-12-29', '1403-01-01', '1403-01-02', '1403-01-03', '1403-01-04', '1403-01-05', '1403-01-06', '1403-01-07', '1403-01-08']
694|643129|['1402-01-10', '1402-01-11', '1402-01-12']|
695|643146||['1403-01-04', '1403-01-05', '1403-01-06', '1403-01-07', '1403-01-08']
696|643154||['1402-12-18']
697|643158||['1403-01-03']
698|643159|['1402-01-04']|['1403-01-03', '1403-01-07', '1403-01-08', '1403-01-09']
699|643162||['1402-12-18', '1402-12-19', '1402-12-25', '1403-01-03']
700|643163.0||['1403-01-06']
701|643166||['1402-12-21', '1403-01-05', '1403-01-06', '1403-01-07']
702|643176|['1402-01-03', '1402-01-04', '1402-01-05', '1402-01-06', '1402-01-07', '1402-01-08', '1402-01-09', '1402-01-10', '1402-01-11']|['1403-01-04', '1403-01-05', '1403-01-06', '1403-01-07', '1403-01-08', '1403-01-09', '1403-01-10']
703|643179|['1402-01-11', '1402-01-12', '1402-01-13']|
704|643180||['1402-12-14']
705|643196|['1402-01-02', '1402-01-03']|['1403-01-02', '1403-01-03', '1403-01-04', '1403-01-05', '1403-01-06', '1403-01-07']
706|643252|['1401-12-11']|
707|643305|['1401-12-28']|
708|643351||['1403-01-06']
709|643355|['1402-01-08', '1402-01-11']|['1403-01-05', '1403-01-09', '1403-01-11']
710|643357||['1403-01-03']
711|643504||['1403-01-06', '1403-01-07', '1403-01-08', '1403-01-09', '1403-01-10']
712|643554||['1403-01-03']
713|643605||['1403-01-01', '1403-01-02', '1403-01-03', '1403-01-04', '1403-01-05', '1403-01-06', '1403-01-07', '1403-01-08', '1403-01-09', '1403-01-10', '1403-01-11', '1403-01-12', '1403-01-13']
714|643653.0||['1403-01-13']
715|643655||['1403-01-03', '1403-01-04', '1403-01-05', '1403-01-06', '1403-01-07', '1403-01-08', '1403-01-09', '1403-01-10', '1403-01-11', '1403-01-12', '1403-01-13']
716|643701|['1402-01-05', '1402-01-06', '1402-01-07', '1402-01-08']|['1403-01-01', '1403-01-02', '1403-01-03', '1403-01-04', '1403-01-05', '1403-01-06', '1403-01-07']
717|643751|['1402-01-05', '1402-01-06', '1402-01-07', '1402-01-08', '1402-01-09']|['1403-01-04', '1403-01-05', '1403-01-06', '1403-01-07', '1403-01-08', '1403-01-09', '1403-01-10']
718|643806||['1402-12-14']
719|643856||['1402-12-14']
720|673101||['1402-12-29']
721|673104.0||['1403-01-02']
722|673105||['1402-12-28', '1402-12-29']
723|673125||['1403-01-02', '1403-01-03', '1403-01-04', '1403-01-05', '1403-01-06', '1403-01-07', '1403-01-08', '1403-01-09', '1403-01-10', '1403-01-11', '1403-01-12', '1403-01-13', '1403-01-14', '1403-01-15', '1403-01-16', '1403-01-17', '1403-01-18', '1403-01-19']
724|673156||['1402-12-29']
725|673162||['1402-12-28', '1402-12-29']
726|673201||['1402-12-29']
727|673221||['1402-12-20', '1402-12-21']
728|673280||['1403-01-14']
729|673401||['1402-12-28', '1402-12-29']
730|673402||['1402-12-29']
731|673404.0||['1402-12-28', '1402-12-29']
732|673409||['1402-12-29']
733|673454||['1403-01-12', '1403-01-14', '1403-01-15', '1403-01-16', '1403-01-17']
734|673459||['1403-01-12', '1403-01-13', '1403-01-14', '1403-01-15', '1403-01-16', '1403-01-17']
735|673504||['1403-01-17']
736|673551||['1402-12-28', '1402-12-29']
737|673554||['1402-12-28', '1402-12-29']
738|673705||['1402-12-20', '1402-12-21']
739|673753||['1403-01-05', '1403-01-07', '1403-01-09', '1403-01-14']
740|673755||['1402-12-10']
741|713104|['1402-01-09', '1402-01-10', '1402-01-13']|['1403-01-10', '1403-01-13']
742|713152||['1402-12-15', '1403-01-13']
743|713154|['1402-01-04', '1402-01-10']|['1403-01-10']
744|713155||['1403-01-13']
745|713203|['1402-01-04']|['1403-01-02']
746|713205||['1402-12-24', '1403-01-10', '1403-01-12', '1403-01-13']
747|713240||['1402-12-12', '1403-01-14', '1403-01-15']
748|713255||['1402-12-24', '1403-01-13', '1403-01-16', '1403-01-17']
749|713289|['1402-01-05']|['1403-01-01']
750|713290||['1402-12-24', '1403-01-08', '1403-01-09', '1403-01-10', '1403-01-11']
751|713302|['1402-01-04', '1402-01-13']|['1403-01-10', '1403-01-13']
752|713352|['1402-01-04', '1402-01-10', '1402-01-13']|['1403-01-10', '1403-01-13']
753|713401|['1402-01-10', '1402-01-13']|['1403-01-09', '1403-01-10', '1403-01-12', '1403-01-13', '1403-01-18']
754|713403|['1402-01-05', '1402-01-09', '1402-01-10']|['1403-01-10']
755|713451|['1402-01-04', '1402-01-13']|['1403-01-10', '1403-01-13']
756|713453|['1402-01-04', '1402-01-05', '1402-01-09', '1402-01-10']|['1403-01-10']
757|713503|['1402-01-03', '1402-01-04', '1402-01-10', '1402-01-12']|['1403-01-02', '1403-01-09', '1403-01-10', '1403-01-11', '1403-01-12']
758|713551||['1402-12-24']
759|713553|['1402-01-03', '1402-01-04', '1402-01-09', '1402-01-10', '1402-01-12']|['1403-01-09', '1403-01-10', '1403-01-13']
760|713601|['1402-01-13']|['1403-01-13']
761|713604||['1403-01-07', '1403-01-08', '1403-01-09', '1403-01-10', '1403-01-11', '1403-01-12', '1403-01-13', '1403-01-14']
762|713651|['1402-01-13']|['1403-01-13']
763|713654||['1402-12-17', '1403-01-03', '1403-01-04', '1403-01-05', '1403-01-07', '1403-01-08', '1403-01-09', '1403-01-10', '1403-01-11', '1403-01-12', '1403-01-13', '1403-01-14', '1403-01-16']
764|713751|['1402-01-13']|['1403-01-13']
765|713753|['1401-12-25']|
766|713753.0||['1402-12-24']
767|713805|['1402-01-02', '1402-01-06', '1402-01-12']|['1402-12-24']
768|713855|['1402-01-12', '1402-01-14']|
769|713901|['1401-12-25', '1401-12-28', '1401-12-29']|['1402-12-28']
770|713951||['1403-01-12', '1403-01-16', '1403-01-17']
771|713953||['1403-01-09', '1403-01-10']
772|714102|['1402-01-04', '1402-01-10', '1402-01-13']|['1403-01-02', '1403-01-09', '1403-01-10', '1403-01-13']
773|714152||['1403-01-02', '1403-01-09']
774|714157|['1402-01-09', '1402-01-10', '1402-01-11', '1402-01-12', '1402-01-13']|['1403-01-02', '1403-01-03', '1403-01-04', '1403-01-07', '1403-01-09', '1403-01-10', '1403-01-11', '1403-01-12', '1403-01-13', '1403-01-14']
775|714201.0||['1402-12-24']
776|714251|['1401-12-25']|
777|714251.0||['1403-01-04', '1403-01-05', '1403-01-09', '1403-01-10', '1403-01-11', '1403-01-13']
778|733102|['1401-12-21']|
779|733104||['1402-12-29']
780|733107||['1403-01-13']
781|733110||['1403-01-13']
782|733110.0|['1402-01-13']|
783|733111|['1402-01-13']|['1403-01-13']
784|733154||['1402-12-28']
785|733157||['1403-01-13']
786|733161|['1402-01-13']|['1403-01-13']
787|733202||['1403-01-02']
788|733252||['1403-01-02']
789|733302|['1402-01-13', '1402-01-14']|['1403-01-13']
790|733352|['1402-01-04', '1402-01-13']|['1403-01-10', '1403-01-13']
791|733402|['1401-12-28', '1401-12-29', '1402-01-04', '1402-01-10']|
792|733414|['1402-01-13']|['1403-01-13']
793|733464|['1402-01-13']|['1403-01-13']
794|733551|['1401-12-10']|
795|733606|['1401-12-29']|['1402-12-29']
796|733607||['1403-01-05', '1403-01-06', '1403-01-07', '1403-01-08', '1403-01-09', '1403-01-10', '1403-01-11', '1403-01-14', '1403-01-15']
797|733654||['1403-01-20']
798|733656|['1402-01-13', '1402-01-14']|['1403-01-13', '1403-01-14']
799|733707|['1402-01-13']|['1403-01-10', '1403-01-13']
800|733751||['1403-01-13']
801|733758||['1403-01-13']
802|733801|['1402-01-05']|
803|733802|['1402-01-18']|
804|733901|['1402-01-04', '1402-01-10', '1402-01-13']|['1403-01-13']
805|733951|['1402-01-04', '1402-01-10', '1402-01-13']|['1403-01-13']
806|753104|['1402-01-14']|
807|753105|['1402-01-14']|['1403-01-14']
808|753108|['1401-12-29']|
809|753152||['1402-12-28']
810|753154|['1401-12-28', '1401-12-29']|['1402-12-28', '1402-12-29']
811|753155|['1401-12-28', '1401-12-29']|['1402-12-28', '1402-12-29']
812|753158|['1402-01-14']|
813|753159|['1401-12-28', '1401-12-29']|
814|753160||['1402-12-24']
815|753201||['1402-12-28']
816|753228||['1403-01-17']
817|753244|['1402-01-14']|['1403-01-14']
818|753245.0|['1401-12-25']|
819|753251|['1402-01-14']|
820|753278||['1402-12-28', '1402-12-29', '1403-01-01']
821|753294|['1401-12-29']|['1402-12-28', '1402-12-29']
822|753295||['1403-01-14']
823|753295.0|['1402-01-14']|
824|753303|['1401-12-29']|['1402-12-28', '1402-12-29']
825|753353|['1402-01-14']|
826|753402|['1402-01-14']|
827|753452||['1402-12-28']
828|753508|['1402-01-14']|
829|753558|['1401-12-28', '1401-12-29']|['1402-12-28', '1402-12-29']
830|753602|['1401-12-29']|['1402-12-29']
831|753607|['1402-01-07', '1402-01-14']|
832|753656||['1402-12-27', '1403-01-11']
833|753703|['1401-12-28', '1401-12-29']|
834|753754|['1401-12-29']|['1402-12-29']
835|753803||['1403-01-07', '1403-01-09', '1403-01-11']
836|753852|['1401-12-29']|
837|753901|['1401-12-28', '1401-12-29']|['1402-12-29']
838|773105|['1402-01-13']|['1403-01-13']
839|773108|['1402-01-13']|['1403-01-13']
840|773109||['1403-01-09']
841|773110||['1403-01-13']
842|773113||['1402-12-20', '1403-01-12', '1403-01-13']
843|773153|['1401-12-28']|['1402-12-28']
844|773155|['1402-01-13']|['1403-01-13']
845|773160||['1402-12-28', '1403-01-13']
846|773163||['1403-01-04', '1403-01-10', '1403-01-12', '1403-01-13', '1403-01-17']
847|773202||['1403-01-02']
848|773203|['1401-12-29', '1402-01-01', '1402-01-02', '1402-01-03', '1402-01-04', '1402-01-05', '1402-01-08', '1402-01-09', '1402-01-10', '1402-01-11']|
849|773207|['1402-01-12']|['1403-01-06', '1403-01-10', '1403-01-17']
850|773222||['1402-12-28']
851|773252|['1402-01-14']|['1403-01-10', '1403-01-11', '1403-01-12', '1403-01-13', '1403-01-14']
852|773253|['1402-01-04', '1402-01-05', '1402-01-06', '1402-01-10', '1402-01-11', '1402-01-12', '1402-01-13', '1402-01-14']|
853|773257|['1402-01-12', '1402-01-13']|['1403-01-13']
854|773272||['1402-12-27', '1403-01-13', '1403-01-14']
855|773304|['1402-01-13', '1402-01-14']|
856|773304.0||['1403-01-14']
857|773305||['1403-01-13']
858|773307|['1401-12-27', '1401-12-28', '1401-12-29', '1402-01-02', '1402-01-03']|
859|773319||['1402-12-28']
860|773354|['1401-12-25', '1401-12-28', '1401-12-29', '1402-01-01']|
861|773354.0||['1402-12-28']
862|773355|['1402-01-13']|
863|773356|['1401-12-15', '1401-12-16']|['1402-12-13']
864|773402|['1402-01-13', '1402-01-14']|
865|773405||['1403-01-03', '1403-01-10', '1403-01-12', '1403-01-13', '1403-01-17']
866|773455||['1403-01-04', '1403-01-10', '1403-01-12', '1403-01-13', '1403-01-14', '1403-01-17']
867|773502|['1401-12-28', '1401-12-29']|['1403-01-07', '1403-01-10', '1403-01-17', '1403-01-19']
868|773503|['1402-01-14']|
869|773507|['1401-12-28', '1401-12-29', '1402-01-01', '1402-01-02', '1402-01-03', '1402-01-04']|['1402-12-28', '1403-01-01', '1403-01-02', '1403-01-03', '1403-01-04', '1403-01-07', '1403-01-08', '1403-01-09', '1403-01-10']
870|773508|['1401-12-26', '1401-12-28', '1401-12-29', '1402-01-01', '1402-01-02', '1402-01-03']|
871|773508.0||['1403-01-01', '1403-01-02']
872|773554|['1401-12-28', '1401-12-29', '1402-01-01', '1402-01-02', '1402-01-03']|
873|773557|['1402-01-04', '1402-01-05', '1402-01-11', '1402-01-12', '1402-01-13', '1402-01-14']|['1403-01-05', '1403-01-07', '1403-01-08', '1403-01-09', '1403-01-10', '1403-01-11', '1403-01-12', '1403-01-13', '1403-01-14']
874|773558|['1402-01-04', '1402-01-05', '1402-01-06', '1402-01-07', '1402-01-08', '1402-01-09', '1402-01-10', '1402-01-11', '1402-01-12', '1402-01-13']|
875|813102||['1402-12-28', '1403-01-02']
876|813104|['1401-12-26', '1401-12-28']|
877|813105||['1403-01-09', '1403-01-10', '1403-01-12', '1403-01-13']
878|813107||['1403-01-02']
879|813109||['1402-12-24']
880|813110|['1402-01-12', '1402-01-13']|
881|813128|['1401-12-28', '1402-01-03', '1402-01-04', '1402-01-05', '1402-01-09', '1402-01-10', '1402-01-12', '1402-01-13']|['1403-01-04']
882|813151|['1402-01-13']|
883|813155|['1402-01-10']|['1403-01-09']
884|813157||['1403-01-10', '1403-01-15']
885|813159|['1401-12-25']|['1402-12-24', '1403-01-09']
886|813160|['1402-01-05', '1402-01-12', '1402-01-13']|['1403-01-10', '1403-01-13', '1403-01-17']
887|813178|['1402-01-04', '1402-01-05', '1402-01-10', '1402-01-12', '1402-01-13']|['1403-01-04']
888|813201||['1402-12-16', '1402-12-22', '1403-01-18', '1403-01-20']
889|813258|['1402-01-13']|['1403-01-10']
890|813301||['1402-12-10', '1402-12-17', '1402-12-24', '1403-01-08', '1403-01-09']
891|813302|['1402-01-04', '1402-01-12']|['1403-01-07', '1403-01-08', '1403-01-09', '1403-01-10', '1403-01-11', '1403-01-12']
892|813304||['1402-12-24', '1403-01-10']
893|813305|['1401-12-28', '1401-12-29', '1402-01-03', '1402-01-10']|['1402-12-28']
894|813351||['1403-01-09']
895|813352||['1403-01-09', '1403-01-10']
896|813354||['1402-12-24']
897|813355|['1402-01-10', '1402-01-12', '1402-01-14']|
898|813604|['1402-01-12', '1402-01-13']|
899|813605|['1401-12-25', '1401-12-28', '1401-12-29']|
900|813605.0||['1402-12-28']
901|813617|['1401-12-25', '1401-12-26', '1401-12-28', '1401-12-29']|
902|813652|['1401-12-10', '1401-12-25']|
903|813654|['1402-01-12', '1402-01-13']|['1403-01-13']
904|813667|['1402-01-14']|['1403-01-10', '1403-01-12', '1403-01-14', '1403-01-17']
905|813701|['1402-01-05']|['1403-01-05', '1403-01-09', '1403-01-10']
906|813901|['1402-01-10']|
907|833104|['1402-01-09', '1402-01-10']|
908|833154|['1402-01-13']|
909|833162|['1401-12-13', '1402-01-13']|
910|833201|['1402-01-12']|
911|833211|['1402-01-02', '1402-01-03', '1402-01-04', '1402-01-05']|['1403-01-02', '1403-01-07', '1403-01-08', '1403-01-09', '1403-01-10', '1403-01-12', '1403-01-13']
912|833260|['1401-12-25']|['1403-01-02']
913|833261||['1403-01-02', '1403-01-07', '1403-01-08', '1403-01-10', '1403-01-12', '1403-01-13']
914|833272|['1402-01-13']|
915|833272.0||['1403-01-13']
916|833302|['1402-01-04', '1402-01-10', '1402-01-12', '1402-01-13']|['1403-01-04', '1403-01-12', '1403-01-13']
917|833304||['1403-01-02', '1403-01-03', '1403-01-04', '1403-01-05', '1403-01-07', '1403-01-08', '1403-01-09', '1403-01-10', '1403-01-11', '1403-01-12', '1403-01-13']
918|833305|['1402-01-10', '1402-01-11', '1402-01-12', '1402-01-13']|['1403-01-08', '1403-01-09', '1403-01-10', '1403-01-11', '1403-01-12', '1403-01-13']
919|833306|['1402-01-09', '1402-01-10']|['1402-12-12', '1403-01-07', '1403-01-09', '1403-01-10', '1403-01-11', '1403-01-12']
920|833352|['1401-12-28', '1401-12-29', '1402-01-02', '1402-01-03', '1402-01-04', '1402-01-05', '1402-01-09', '1402-01-10', '1402-01-12', '1402-01-13']|['1403-01-02', '1403-01-03', '1403-01-04', '1403-01-10', '1403-01-12', '1403-01-13']
921|833354|['1402-01-03', '1402-01-04', '1402-01-05', '1402-01-09', '1402-01-10', '1402-01-11', '1402-01-12', '1402-01-13']|['1403-01-02', '1403-01-03', '1403-01-04', '1403-01-05', '1403-01-07', '1403-01-08', '1403-01-09', '1403-01-10', '1403-01-11', '1403-01-12', '1403-01-13']
922|833355|['1402-01-04', '1402-01-09', '1402-01-10', '1402-01-11', '1402-01-12', '1402-01-13', '1402-01-16']|['1403-01-09', '1403-01-10', '1403-01-11', '1403-01-12', '1403-01-13']
923|833356|['1402-01-04', '1402-01-09', '1402-01-10', '1402-01-12', '1402-01-13', '1402-01-18']|['1403-01-02', '1403-01-03', '1403-01-04', '1403-01-05', '1403-01-07', '1403-01-08', '1403-01-09', '1403-01-10', '1403-01-11', '1403-01-12', '1403-01-13', '1403-01-17']
924|833403||['1403-01-04', '1403-01-07', '1403-01-08', '1403-01-09']
925|833610|['1402-01-02', '1402-01-03', '1402-01-05', '1402-01-08', '1402-01-09', '1402-01-10', '1402-01-12']|['1403-01-02', '1403-01-03', '1403-01-04', '1403-01-06', '1403-01-07', '1403-01-08', '1403-01-09', '1403-01-10', '1403-01-11', '1403-01-12']
926|833616|['1402-01-06', '1402-01-07', '1402-01-08', '1402-01-15', '1402-01-16']|
927|833660|['1402-01-04', '1402-01-05', '1402-01-09', '1402-01-10', '1402-01-13']|['1403-01-04', '1403-01-07', '1403-01-08', '1403-01-09', '1403-01-10', '1403-01-11', '1403-01-12', '1403-01-13']
928|833666|['1402-01-06', '1402-01-07', '1402-01-08', '1402-01-15', '1402-01-18']|
929|833703.0||['1403-01-16', '1403-01-17']
930|833704|['1402-01-02', '1402-01-04', '1402-01-13']|['1403-01-02', '1403-01-03', '1403-01-07', '1403-01-08', '1403-01-10', '1403-01-12', '1403-01-13']
931|833752|['1402-01-02']|
932|833753.0||['1403-01-17']
933|833754|['1402-01-02', '1402-01-04', '1402-01-13']|['1403-01-02', '1403-01-03', '1403-01-07', '1403-01-08', '1403-01-09', '1403-01-10', '1403-01-13']
934|833757|['1401-12-19', '1401-12-22', '1401-12-23', '1401-12-24', '1402-01-11']|
935|853101||['1403-01-02']
936|853155|['1401-12-28', '1401-12-29']|
937|853214|['1402-01-05', '1402-01-06']|
938|853215||['1403-01-07', '1403-01-08', '1403-01-09', '1403-01-10']
939|853251|['1401-12-28']|['1403-01-09']
940|853264|['1401-12-28', '1401-12-29']|
941|853265||['1403-01-05', '1403-01-07', '1403-01-08', '1403-01-09', '1403-01-10']
942|853301|['1402-01-04', '1402-01-05', '1402-01-10', '1402-01-11', '1402-01-12']|
943|853301.0||['1403-01-11', '1403-01-12']
944|853302||['1403-01-02', '1403-01-04', '1403-01-07', '1403-01-09']
945|853306|['1402-01-03', '1402-01-04', '1402-01-10']|['1403-01-04']
946|853311|['1401-12-28', '1401-12-29', '1402-01-01', '1402-01-02', '1402-01-03']|
947|853312.0||['1403-01-04', '1403-01-07']
948|853314|['1401-12-29', '1402-01-01', '1402-01-02', '1402-01-03', '1402-01-04']|['1403-01-02', '1403-01-03', '1403-01-04', '1403-01-07', '1403-01-08', '1403-01-09']
949|853351|['1401-12-29', '1402-01-03', '1402-01-13']|['1403-01-02', '1403-01-03', '1403-01-04', '1403-01-07', '1403-01-08', '1403-01-09', '1403-01-10', '1403-01-13']
950|853352|['1401-12-25']|['1403-01-06', '1403-01-07', '1403-01-08', '1403-01-09', '1403-01-10']
951|853361|['1402-01-04', '1402-01-05', '1402-01-06', '1402-01-11', '1402-01-13']|
952|853362.0||['1403-01-07', '1403-01-09']
953|853364|['1402-01-05', '1402-01-06', '1402-01-08', '1402-01-09', '1402-01-10', '1402-01-11', '1402-01-12']|['1403-01-04', '1403-01-05', '1403-01-07', '1403-01-08', '1403-01-09', '1403-01-10', '1403-01-11']
954|853401|['1401-12-26', '1401-12-28', '1401-12-29', '1402-01-01', '1402-01-02', '1402-01-03']|['1403-01-02']
955|853404|['1402-01-12', '1402-01-13']|
956|853451|['1402-01-05', '1402-01-06', '1402-01-07', '1402-01-08', '1402-01-09', '1402-01-10', '1402-01-11', '1402-01-12']|
957|853454|['1402-01-13']|
958|873104|['1401-12-28', '1401-12-29']|['1402-12-28', '1402-12-29', '1403-01-01']
959|873151|['1401-12-28', '1401-12-29']|['1402-12-28', '1402-12-29']
960|873153|['1401-12-28']|
961|873155|['1401-12-28', '1401-12-29']|['1402-12-27', '1402-12-28', '1402-12-29']
962|873156|['1402-01-13']|
963|873205|['1401-12-28', '1401-12-29']|['1402-12-28', '1402-12-29']
964|873229|['1401-12-28', '1401-12-29', '1402-01-01']|['1402-12-29']
965|873230|['1401-12-28', '1401-12-29']|['1402-12-28', '1402-12-29']
966|873279|['1402-01-12', '1402-01-13']|['1403-01-13']
967|873301|['1401-12-28', '1401-12-29']|['1402-12-28', '1402-12-29']
968|873306|['1401-12-28', '1401-12-29']|['1402-12-28', '1402-12-29']
969|873308|['1401-12-28', '1401-12-29']|['1402-12-28', '1402-12-29']
970|873328.0|['1402-01-13']|
971|873329|['1401-12-16', '1401-12-23', '1401-12-28', '1401-12-29', '1402-01-13']|
972|873352|['1401-12-28', '1401-12-29']|['1402-12-28', '1402-12-29']
973|873379|['1401-12-26', '1402-01-13']|['1403-01-13']
974|873402|['1401-12-28']|
975|873403|['1401-12-28', '1401-12-29']|['1402-12-28', '1402-12-29']
976|873404|['1401-12-28']|
977|873405|['1401-12-27', '1401-12-28', '1401-12-29']|['1402-12-28', '1402-12-29']
978|873453|['1402-01-11', '1402-01-13', '1402-01-14']|
979|873465|['1402-01-13']|['1403-01-13']
980|913106|['1402-01-14']|
981|913108|['1402-01-04', '1402-01-05']|
982|913156|['1401-12-29']|
983|913156.0||['1402-12-29']
984|913228||['1403-01-13']
985|913268|['1401-12-29']|
986|913278||['1403-01-13']
987|913279|['1402-01-13', '1402-01-14']|['1403-01-14']
988|913351|['1402-01-04', '1402-01-05']|
989|913402|['1402-01-03']|
990|913452|['1402-01-02']|
991|913501||['1403-01-09', '1403-01-13']
992|913507|['1402-01-05', '1402-01-13']|
993|913557|['1402-01-13']|
994|913801|['1402-01-02']|
995|913904|['1402-01-13', '1402-01-14']|['1403-01-13']
996|933303||['1402-12-25', '1403-01-06', '1403-01-07', '1403-01-08', '1403-01-09', '1403-01-10']
997|933353||['1402-12-28', '1402-12-29', '1403-01-02']
998|933354||['1403-01-18', '1403-01-20']
999|933715||['1402-12-29', '1403-01-01', '1403-01-02', '1403-01-03', '1403-01-09']
1000|933765||['1403-01-02', '1403-01-03', '1403-01-04', '1403-01-05', '1403-01-07', '1403-01-09', '1403-01-10', '1403-01-11', '1403-01-13']
1001|933804||['1403-01-05', '1403-01-19']
1002|933905||['1402-12-29', '1403-01-02', '1403-01-04']
1003|933955||['1402-12-28', '1402-12-29', '1403-01-07', '1403-01-08', '1403-01-09']
1004|953102|['1402-01-02', '1402-01-03', '1402-01-04', '1402-01-05', '1402-01-06', '1402-01-07', '1402-01-08', '1402-01-09', '1402-01-10', '1402-01-11']|['1403-01-03', '1403-01-04']
1005|953103|['1402-01-03', '1402-01-04', '1402-01-05', '1402-01-06', '1402-01-08', '1402-01-09']|['1403-01-03', '1403-01-04', '1403-01-05', '1403-01-06', '1403-01-07', '1403-01-08', '1403-01-09', '1403-01-10']
1006|953127|['1402-01-02', '1402-01-03', '1402-01-04', '1402-01-05', '1402-01-06', '1402-01-07']|['1403-01-02', '1403-01-03', '1403-01-04', '1403-01-05', '1403-01-06', '1403-01-07', '1403-01-08', '1403-01-09', '1403-01-10']
1007|953151||['1403-01-03', '1403-01-04', '1403-01-07', '1403-01-08']
1008|953152|['1402-01-06', '1402-01-11']|['1403-01-02', '1403-01-03', '1403-01-04', '1403-01-05', '1403-01-06', '1403-01-07', '1403-01-08', '1403-01-09', '1403-01-10', '1403-01-11']
1009|953153|['1402-01-02', '1402-01-03', '1402-01-04', '1402-01-05', '1402-01-06']|['1403-01-02', '1403-01-03', '1403-01-04', '1403-01-05', '1403-01-07', '1403-01-08', '1403-01-09']
1010|953165|['1401-12-23']|
1011|953177|['1402-01-02', '1402-01-03', '1402-01-04', '1402-01-05', '1402-01-06']|['1403-01-03', '1403-01-04', '1403-01-05', '1403-01-06', '1403-01-07', '1403-01-08', '1403-01-09', '1403-01-10', '1403-01-11']
1012|953202|['1402-01-12']|
1013|953252|['1401-12-12', '1402-01-02', '1402-01-13']|['1403-01-13']
1014|953264||['1403-01-03', '1403-01-04', '1403-01-07', '1403-01-08']
1015|953401|['1402-01-05', '1402-01-06', '1402-01-10', '1402-01-11', '1402-01-12']|['1403-01-02', '1403-01-03', '1403-01-04', '1403-01-08']
1016|953404|['1402-01-04', '1402-01-05', '1402-01-06', '1402-01-10', '1402-01-11', '1402-01-12']|['1403-01-04', '1403-01-05', '1403-01-07', '1403-01-08', '1403-01-09', '1403-01-10', '1403-01-11', '1403-01-12']
1017|953451|['1402-01-02', '1402-01-03']|['1403-01-04', '1403-01-05', '1403-01-07', '1403-01-08', '1403-01-09', '1403-01-10', '1403-01-11', '1403-01-12']
1018|953454|['1402-01-01', '1402-01-02', '1402-01-03']|['1403-01-02', '1403-01-03', '1403-01-04', '1403-01-07', '1403-01-08']
1019|953554|['1401-12-10', '1401-12-16']|
1020|953602|['1402-01-04', '1402-01-06', '1402-01-11', '1402-01-12', '1402-01-13']|['1403-01-10', '1403-01-11']
1021|953604|['1402-01-06', '1402-01-11', '1402-01-12']|['1403-01-02', '1403-01-03', '1403-01-07', '1403-01-08', '1403-01-09']
1022|953605|['1401-12-10', '1401-12-11', '1401-12-12', '1401-12-13', '1401-12-14', '1401-12-15', '1401-12-16', '1401-12-27', '1402-01-02', '1402-01-05', '1402-01-06']|
1023|953616|['1402-01-02', '1402-01-13']|['1403-01-03', '1403-01-09', '1403-01-10']
1024|953617||['1403-01-02', '1403-01-03', '1403-01-04', '1403-01-05', '1403-01-07', '1403-01-08']
1025|953652|['1402-01-02']|['1403-01-02', '1403-01-07', '1403-01-08']
1026|953654|['1401-12-29', '1402-01-01', '1402-01-02', '1402-01-03', '1402-01-08']|['1403-01-04', '1403-01-05', '1403-01-10', '1403-01-11', '1403-01-12']
1027|953655|['1401-12-10', '1401-12-11']|
1028|953666|['1402-01-02']|['1403-01-03', '1403-01-09']
1029|953667|['1402-01-08']|['1403-01-04', '1403-01-05', '1403-01-06', '1403-01-07', '1403-01-08', '1403-01-09', '1403-01-10', '1403-01-11']
1030|953702|['1402-01-03', '1402-01-04', '1402-01-05', '1402-01-06', '1402-01-08', '1402-01-09']|['1403-01-04', '1403-01-05', '1403-01-07', '1403-01-08', '1403-01-09', '1403-01-10']
1031|953704|['1402-01-04', '1402-01-05', '1402-01-06', '1402-01-10', '1402-01-12']|['1403-01-09', '1403-01-10']
1032|953709|['1402-01-03', '1402-01-04', '1402-01-05', '1402-01-06']|['1403-01-03', '1403-01-04', '1403-01-05', '1403-01-07', '1403-01-08', '1403-01-09', '1403-01-10', '1403-01-11']
1033|953752|['1402-01-02', '1402-01-03', '1402-01-04']|['1403-01-03', '1403-01-04']
1034|953754|['1402-01-02', '1402-01-03']|['1403-01-02', '1403-01-03', '1403-01-04', '1403-01-07', '1403-01-08']
1035|953755|['1401-12-12']|['1402-12-18']
1036|953759|['1402-01-02', '1402-01-03', '1402-01-04', '1402-01-05']|['1403-01-02', '1403-01-03', '1403-01-04', '1403-01-07', '1403-01-08', '1403-01-09']
1037|953801|['1402-01-02', '1402-01-03', '1402-01-04', '1402-01-05']|['1403-01-03', '1403-01-04', '1403-01-05', '1403-01-07', '1403-01-08', '1403-01-09', '1403-01-10']
1038|953802|['1402-01-03', '1402-01-04', '1402-01-05', '1402-01-06', '1402-01-09', '1402-01-10', '1402-01-11', '1402-01-12']|['1403-01-03', '1403-01-04', '1403-01-05', '1403-01-07', '1403-01-08', '1403-01-09', '1403-01-10', '1403-01-11']
1039|953851|['1402-01-01', '1402-01-02', '1402-01-03', '1402-01-04', '1402-01-05']|['1403-01-02', '1403-01-03', '1403-01-04', '1403-01-07', '1403-01-08', '1403-01-09']
1040|953852|['1402-01-02', '1402-01-03', '1402-01-04']|['1403-01-02', '1403-01-03', '1403-01-04', '1403-01-07', '1403-01-08', '1403-01-09', '1403-01-10']
1041|973103|['1401-12-26']|['1402-12-18']
1042|973153|['1401-12-26']|['1402-12-18']
1043|973351||['1402-12-17', '1402-12-18', '1402-12-19', '1402-12-20']
1044|973501||['1402-12-27', '1403-01-06', '1403-01-13']
1045|973505|['1401-12-12', '1401-12-19', '1401-12-26', '1402-01-01']|['1402-12-18']
1046|973551|['1401-12-26', '1401-12-27', '1401-12-28']|
1047|973552|['1401-12-26']|['1402-12-18']
1048|973555|['1401-12-12', '1401-12-19', '1401-12-26', '1402-01-01']|['1402-12-18']
1049|973901.0|['1401-12-28', '1401-12-29', '1402-01-04', '1402-01-05']|
1050|973953|['1401-12-26', '1401-12-28']|
